GeoName,Year,All industry total,Personal income (thousands of dollars),Population (persons) 3/,Total employment,Wages and salaries
"Adams, IN",2010,1068048,975855,34443,18602,421960
"Allen, IN",2010,15057993,12343412,356044,219976,7277974
"Bartholomew, IN",2010,5111420,2911353,76773,50846,1934731
"Benton, IN",2010,315975,294374,8862,4005,85796
"Blackford, IN",2010,275427,391297,12779,4921,115675
"Boone, IN",2010,1886757,2945228,56961,30495,804946
"Brown, IN",2010,235524,526670,15219,5532,79562
"Carroll, IN",2010,566260,665635,20202,7676,167573
"Cass, IN",2010,1151822,1167660,38996,18975,500917
"Clark, IN",2010,4118624,3794931,110619,60489,1777844
"Clay, IN",2010,606211,809555,26868,10036,214718
"Clinton, IN",2010,1100083,995286,33246,14646,403515
"Crawford, IN",2010,168483,282060,10709,3534,56745
"Daviess, IN",2010,944018,1007168,31719,16005,356562
"DeKalb, IN",2010,1864504,1342546,42327,24008,761562
"Dearborn, IN",2010,1431620,1788347,50105,20468,563733
"Decatur, IN",2010,1047003,862144,25792,14556,435033
"Delaware, IN",2010,3599113,3311711,117628,57769,1619286
"Dubois, IN",2010,2044706,1688342,41931,32599,987259
"Elkhart, IN",2010,9363759,6038797,197472,126838,4113921
"Fayette, IN",2010,536967,725602,24336,8995,214521
"Floyd, IN",2010,2306358,2896943,74741,38408,1106584
"Fountain, IN",2010,493974,545656,17279,7364,169510
"Franklin, IN",2010,395016,857368,23058,7249,125484
"Fulton, IN",2010,556757,658181,20828,9564,226072
"Gibson, IN",2010,2521694,1133131,33526,20489,774373
"Grant, IN",2010,2336940,2137530,69939,34283,1032825
"Greene, IN",2010,561263,1033811,33170,11310,225420
"Hamilton, IN",2010,12075885,15120687,276593,155751,5298915
"Hancock, IN",2010,1741230,2740462,70260,29031,767813
"Harrison, IN",2010,871833,1312814,39304,16755,368295
"Hendricks, IN",2010,3904295,5577261,146002,67997,1867265
"Henry, IN",2010,1011908,1433038,49552,17128,406563
"Howard, IN",2010,4062908,2582551,82775,44467,1554953
"Huntington, IN",2010,1152059,1186660,37121,18557,476224
"Jackson, IN",2010,1732781,1469360,42634,23463,689865
"Jasper, IN",2010,1310564,1130506,33485,15390,391837
"Jay, IN",2010,702355,631869,21180,10901,251019
"Jefferson, IN",2010,1287134,1067260,32423,15914,439511
"Jennings, IN",2010,605890,811960,28483,10271,268346
"Johnson, IN",2010,3359977,5268069,140304,59146,1453898
"Knox, IN",2010,1452090,1327069,38388,21706,620702
"Kosciusko, IN",2010,5081282,2678115,77364,44470,1517669
"LaPorte, IN",2010,3671752,3572824,111523,53241,1563632
"Lagrange, IN",2010,990086,971384,37169,17501,369081
"Lake, IN",2010,18986568,16990627,496251,236304,8308264
"Lawrence, IN",2010,1151809,1422558,46094,18072,441356
"Madison, IN",2010,3126205,3808271,131632,52687,1391256
"Marion, IN",2010,79249748,37794683,904858,681334,28551734
"Marshall, IN",2010,1408323,1482377,46999,23191,595295
"Martin, IN",2010,828030,338258,10354,8775,463119
"Miami, IN",2010,749987,948868,36826,12979,329040
"Monroe, IN",2010,5034940,4300980,138372,85340,2373594
"Montgomery, IN",2010,1503539,1275574,38086,19552,575005
"Morgan, IN",2010,1371731,2409026,69165,21874,500034
"Newton, IN",2010,308598,441279,14231,5307,128643
"Noble, IN",2010,1454351,1361919,47445,21750,589284
"Ohio, IN",2010,256902,311793,6086,2176,50863
"Orange, IN",2010,501044,571289,19817,10082,245000
"Owen, IN",2010,466274,647122,21578,7666,178051
"Parke, IN",2010,280197,481299,17261,5397,95596
"Perry, IN",2010,669380,552382,19411,8205,230333
"Pike, IN",2010,863110,399606,12712,4486,145959
"Porter, IN",2010,5425033,6439967,164548,73883,2310384
"Posey, IN",2010,2009782,990007,25858,11772,438975
"Pulaski, IN",2010,427492,445658,13323,6303,157575
"Putnam, IN",2010,855440,1073020,37884,16223,381617
"Randolph, IN",2010,681483,777485,26177,10125,233620
"Ripley, IN",2010,1162745,970628,28828,17121,555179
"Rush, IN",2010,463414,565170,17385,7016,160044
"Scott, IN",2010,544763,673943,24185,8822,210393
"Shelby, IN",2010,1511297,1479176,44300,21301,611953
"Spencer, IN",2010,1217792,709449,20906,9635,247193
"St. Joseph, IN",2010,10692225,9309833,266828,149665,4830150
"Starke, IN",2010,404057,642569,23356,6779,131921
"Steuben, IN",2010,1073393,1064948,34102,18638,437184
"Sullivan, IN",2010,857434,611182,21393,8303,223055
"Switzerland, IN",2010,209675,259470,10693,3553,79670
"Tippecanoe, IN",2010,6792902,5314254,172891,97741,3217975
"Tipton, IN",2010,354747,518846,15881,6130,148436
"Union, IN",2010,136920,217384,7536,2574,45450
"Vanderburgh, IN",2010,9244538,6921457,179793,126980,4436185
"Vermillion, IN",2010,799656,514960,16119,5934,210126
"Vigo, IN",2010,4243934,3401481,107878,61845,1916500
"Wabash, IN",2010,929645,1037877,32854,16005,381301
"Warren, IN",2010,208883,296002,8526,2861,65946
"Warrick, IN",2010,2022816,2479948,59857,22028,609908
"Washington, IN",2010,429120,793094,28297,9154,179142
"Wayne, IN",2010,2315767,2130098,68915,36665,1025392
"Wells, IN",2010,903182,904568,27681,14178,370177
"White, IN",2010,764162,818861,24697,11942,284380
"Whitley, IN",2010,988768,1113840,33351,15612,404535
"Adams, IN",2011,1152049,1078250,34371,18826,427067
"Allen, IN",2011,15417122,13205908,359463,224936,7596257
"Bartholomew, IN",2011,5246471,3168991,77385,54102,2158470
"Benton, IN",2011,368947,344887,8856,3888,86171
"Blackford, IN",2011,273212,401000,12697,4799,116054
"Boone, IN",2011,2092839,3243036,58111,31386,874444
"Brown, IN",2011,235006,557445,15123,5800,82615
"Carroll, IN",2011,612850,720098,20054,7533,170739
"Cass, IN",2011,1204515,1225221,38968,18621,517188
"Clark, IN",2011,4302058,4018802,111741,59740,1786160
"Clay, IN",2011,616343,841634,26872,10645,233388
"Clinton, IN",2011,1163129,1058190,33154,14519,413288
"Crawford, IN",2011,170864,291286,10612,3573,58474
"Daviess, IN",2011,988656,1088924,31941,16255,368925
"DeKalb, IN",2011,1928222,1481754,42456,24359,816542
"Dearborn, IN",2011,1560965,1867663,50103,20611,572355
"Decatur, IN",2011,1031199,894751,25889,15096,448246
"Delaware, IN",2011,4210027,3469715,117695,58554,1661383
"Dubois, IN",2011,2146230,1869851,42289,33052,1029177
"Elkhart, IN",2011,9171608,6424889,198387,130770,4277434
"Fayette, IN",2011,543526,760851,24210,8935,224725
"Floyd, IN",2011,2253543,3086656,75165,38269,1107641
"Fountain, IN",2011,508706,580701,17157,7739,179001
"Franklin, IN",2011,433185,897643,23044,7380,129195
"Fulton, IN",2011,574700,706660,20788,9811,234798
"Gibson, IN",2011,2482545,1192229,33430,21325,805850
"Grant, IN",2011,2361615,2213974,69795,34321,1068294
"Greene, IN",2011,558754,1077551,32857,11108,218856
"Hamilton, IN",2011,12324147,16448092,283889,160833,5514214
"Hancock, IN",2011,1837855,2855032,70443,29621,809604
"Harrison, IN",2011,880444,1361766,39068,16474,368474
"Hendricks, IN",2011,4048730,5923971,148927,70776,1989027
"Henry, IN",2011,1028443,1499424,49331,17059,411807
"Howard, IN",2011,4087090,2733026,82919,45454,1661356
"Huntington, IN",2011,1208613,1265422,37197,18920,506815
"Jackson, IN",2011,1783971,1540430,43174,23654,715187
"Jasper, IN",2011,1312200,1230954,33367,15381,401660
"Jay, IN",2011,754904,685782,21343,10982,259283
"Jefferson, IN",2011,1326216,1117931,32392,15979,448255
"Jennings, IN",2011,595246,849391,28162,10324,268739
"Johnson, IN",2011,3504863,5554004,141926,61347,1563682
"Knox, IN",2011,1500862,1382634,38446,21677,642084
"Kosciusko, IN",2011,5037734,2854293,77481,45152,1597408
"LaPorte, IN",2011,3788488,3799757,111650,53919,1608193
"Lagrange, IN",2011,1030604,1075606,37518,18344,398094
"Lake, IN",2011,20725493,17723090,496428,241757,8811801
"Lawrence, IN",2011,1068020,1489867,46089,18448,461275
"Madison, IN",2011,3181501,3936184,131070,52512,1428813
"Marion, IN",2011,81121497,40686416,912575,693044,29700174
"Marshall, IN",2011,1464126,1565344,46937,23606,631908
"Martin, IN",2011,886484,355702,10303,8846,484869
"Miami, IN",2011,788149,1002354,36736,13234,345165
"Monroe, IN",2011,5168563,4572452,139261,85784,2448064
"Montgomery, IN",2011,1448807,1321861,38290,19544,593195
"Morgan, IN",2011,1370364,2525236,69372,22164,515538
"Newton, IN",2011,341449,487388,14073,5279,129405
"Noble, IN",2011,1552646,1471410,47246,22697,623593
"Ohio, IN",2011,172489,234048,6060,2269,51861
"Orange, IN",2011,528062,599840,19967,9868,246589
"Owen, IN",2011,474949,664223,21549,7508,175868
"Parke, IN",2011,283940,501094,16993,5433,96689
"Perry, IN",2011,657680,585189,19430,8445,237432
"Pike, IN",2011,792508,406754,12576,4565,155231
"Porter, IN",2011,5579901,6975889,165815,75434,2415448
"Posey, IN",2011,2321886,1070846,25683,11703,459965
"Pulaski, IN",2011,460898,486174,13240,6451,164765
"Putnam, IN",2011,859369,1121444,37771,16528,394951
"Randolph, IN",2011,755888,840208,26056,10388,240268
"Ripley, IN",2011,1177441,1007712,28713,17705,596578
"Rush, IN",2011,470945,609176,17297,7064,161475
"Scott, IN",2011,540178,697830,23977,9128,218328
"Shelby, IN",2011,1540513,1557802,44299,21441,631464
"Spencer, IN",2011,1214763,742142,20921,9738,253057
"St. Joseph, IN",2011,10977848,9846151,266874,152450,4988306
"Starke, IN",2011,379884,667153,23213,6820,134620
"Steuben, IN",2011,1116070,1141293,34030,19117,462607
"Sullivan, IN",2011,1032999,636212,21246,8405,238009
"Switzerland, IN",2011,210033,270262,10508,3550,80474
"Tippecanoe, IN",2011,7026169,5643486,174803,101655,3435332
"Tipton, IN",2011,384473,563561,15835,6030,152637
"Union, IN",2011,131858,225813,7494,2532,44505
"Vanderburgh, IN",2011,9583043,7359057,180225,129583,4539526
"Vermillion, IN",2011,783233,527085,16081,5752,196182
"Vigo, IN",2011,4227566,3480777,108283,61410,1912759
"Wabash, IN",2011,983227,1090738,32590,16067,397472
"Warren, IN",2011,237937,325786,8500,3061,70851
"Warrick, IN",2011,2040104,2660521,60298,22704,621951
"Washington, IN",2011,476587,848745,28204,9077,185322
"Wayne, IN",2011,2365513,2235542,68752,37029,1054852
"Wells, IN",2011,957590,963354,27743,14200,384628
"White, IN",2011,841702,882430,24654,12285,302992
"Whitley, IN",2011,992452,1179482,33353,15944,428977
"Adams, IN",2012,1221886,1148069,34410,19075,443977
"Allen, IN",2012,16369285,13835497,361762,227109,7776648
"Bartholomew, IN",2012,5944569,3436636,78566,57390,2426749
"Benton, IN",2012,325452,318412,8819,3907,88658
"Blackford, IN",2012,279726,405633,12602,4772,114945
"Boone, IN",2012,2167185,3439971,59395,33198,937904
"Brown, IN",2012,244597,585403,15133,5584,81493
"Carroll, IN",2012,566947,739495,20132,7772,180165
"Cass, IN",2012,1197883,1264211,38863,18546,511564
"Clark, IN",2012,4470902,4263901,112307,60433,1858578
"Clay, IN",2012,578694,852389,26842,11052,244960
"Clinton, IN",2012,1093659,1083023,33103,14549,418206
"Crawford, IN",2012,177562,298403,10651,3583,58443
"Daviess, IN",2012,947746,1121681,32094,16675,389632
"DeKalb, IN",2012,2077524,1525155,42258,25093,864803
"Dearborn, IN",2012,1671733,1954100,49945,20364,585922
"Decatur, IN",2012,1142360,940391,26022,16434,519890
"Delaware, IN",2012,3557025,3602710,116663,58937,1738798
"Dubois, IN",2012,2181358,1930826,42318,33267,1058936
"Elkhart, IN",2012,9693515,6921230,199160,136435,4723233
"Fayette, IN",2012,545962,787096,24053,8872,230046
"Floyd, IN",2012,2306334,3258190,75607,38255,1133170
"Fountain, IN",2012,548285,596671,17116,7874,190594
"Franklin, IN",2012,452134,915650,23040,7183,130097
"Fulton, IN",2012,609620,736597,20735,9842,250123
"Gibson, IN",2012,2588387,1231323,33361,22231,886445
"Grant, IN",2012,2498951,2326980,69402,35123,1100859
"Greene, IN",2012,567383,1097894,32629,10916,215715
"Hamilton, IN",2012,13171555,17612649,290713,164693,5804229
"Hancock, IN",2012,1935922,3004088,70721,30077,853920
"Harrison, IN",2012,923119,1402274,38800,16128,361414
"Hendricks, IN",2012,4541753,6199006,151215,72892,2107976
"Henry, IN",2012,987949,1548665,49315,17120,425453
"Howard, IN",2012,4443058,2849175,83059,46385,1719096
"Huntington, IN",2012,1240355,1302631,37033,18766,507659
"Jackson, IN",2012,1894598,1611334,43453,24015,764220
"Jasper, IN",2012,1308919,1275813,33385,15734,441849
"Jay, IN",2012,821083,718838,21358,10814,267427
"Jefferson, IN",2012,1331645,1159636,32659,16413,474011
"Jennings, IN",2012,615729,908123,28165,10261,274674
"Johnson, IN",2012,3870755,5892377,143829,63860,1712790
"Knox, IN",2012,1492201,1428089,37927,22304,673360
"Kosciusko, IN",2012,4538832,3003200,77844,45763,1654049
"LaPorte, IN",2012,3871097,3993382,111902,53671,1642835
"Lagrange, IN",2012,1136450,1176549,37749,19444,461276
"Lake, IN",2012,22847359,18402934,496018,244118,9392647
"Lawrence, IN",2012,1041213,1533779,46022,18471,468600
"Madison, IN",2012,3271777,4108376,130319,52434,1469095
"Marion, IN",2012,81540725,41915923,922252,705986,31152007
"Marshall, IN",2012,1520019,1604110,46937,23976,653715
"Martin, IN",2012,867844,340924,10256,8856,484820
"Miami, IN",2012,829967,1049101,36686,13346,355839
"Monroe, IN",2012,5329679,4764967,139722,85436,2519880
"Montgomery, IN",2012,1412625,1320276,38090,19847,615661
"Morgan, IN",2012,1318471,2572870,69428,22638,537027
"Newton, IN",2012,337293,495156,14023,5257,132827
"Noble, IN",2012,1596120,1540912,47101,22912,646540
"Ohio, IN",2012,140797,211675,6071,2197,51114
"Orange, IN",2012,567005,634279,19787,9977,253444
"Owen, IN",2012,448603,686683,21475,7478,179092
"Parke, IN",2012,269265,507409,16958,5356,97239
"Perry, IN",2012,610868,592601,19378,8439,245042
"Pike, IN",2012,824487,427563,12583,4534,155051
"Porter, IN",2012,6035788,7339643,166248,76038,2547850
"Posey, IN",2012,2001418,1060838,25597,11811,462726
"Pulaski, IN",2012,498552,492913,13031,6425,172690
"Putnam, IN",2012,892208,1139461,37480,17051,430693
"Randolph, IN",2012,733534,841182,25904,10288,249330
"Ripley, IN",2012,1079497,1007339,28569,16517,537293
"Rush, IN",2012,475335,623546,17129,6999,170998
"Scott, IN",2012,538594,736461,23846,9545,233252
"Shelby, IN",2012,1614919,1612088,44298,22059,675077
"Spencer, IN",2012,1381757,751710,20695,9935,260897
"St. Joseph, IN",2012,11474013,10283484,266843,151435,5095129
"Starke, IN",2012,400715,693257,23235,6622,136101
"Steuben, IN",2012,1187170,1205291,34088,19656,492873
"Sullivan, IN",2012,1047617,650371,21256,8398,254032
"Switzerland, IN",2012,224343,279170,10241,3545,79629
"Tippecanoe, IN",2012,7330180,5957031,177186,104570,3594682
"Tipton, IN",2012,423137,599499,15693,6246,162552
"Union, IN",2012,124514,226157,7349,2522,44584
"Vanderburgh, IN",2012,9844513,7614588,180600,128562,4537733
"Vermillion, IN",2012,732741,526383,15939,6060,210121
"Vigo, IN",2012,4334426,3575808,108441,61306,1964575
"Wabash, IN",2012,1083824,1170715,32425,16461,419122
"Warren, IN",2012,242769,336671,8443,3062,73651
"Warrick, IN",2012,2009346,2793705,60519,23193,660531
"Washington, IN",2012,523939,872740,27925,9389,197530
"Wayne, IN",2012,2448320,2332436,68420,37427,1084107
"Wells, IN",2012,996225,1006996,27719,14403,413107
"White, IN",2012,823066,896109,24574,12457,315080
"Whitley, IN",2012,1085622,1246182,33328,16223,445475
"Adams, IN",2013,1331565,1195806,34658,19360,466014
"Allen, IN",2013,16440410,13873919,364617,227175,7834186
"Bartholomew, IN",2013,6420635,3412352,79016,57341,2422208
"Benton, IN",2013,437948,385078,8745,3895,88860
"Blackford, IN",2013,295651,417619,12563,4853,120628
"Boone, IN",2013,2644136,3691795,60883,35934,1021008
"Brown, IN",2013,251365,588876,15177,5722,83331
"Carroll, IN",2013,615110,775819,20146,7859,186642
"Cass, IN",2013,1296465,1299926,38713,18625,518347
"Clark, IN",2013,4590970,4242700,113345,62091,1920890
"Clay, IN",2013,654264,873320,26735,10971,248554
"Clinton, IN",2013,1195705,1122296,33074,14472,417597
"Crawford, IN",2013,181614,298374,10595,3614,59466
"Daviess, IN",2013,1064133,1178396,32245,16936,400337
"DeKalb, IN",2013,2256612,1542974,42264,26045,905922
"Dearborn, IN",2013,1473265,1987264,50051,20192,556835
"Decatur, IN",2013,1228393,977128,26203,16961,546496
"Delaware, IN",2013,3716793,3651098,116304,58990,1784172
"Dubois, IN",2013,2333822,1949998,42621,33591,1101500
"Elkhart, IN",2013,10715066,7174727,200474,142367,5031887
"Fayette, IN",2013,556566,798509,23977,8810,230058
"Floyd, IN",2013,2414727,3332583,76524,38932,1147063
"Fountain, IN",2013,579179,625674,16876,7482,176971
"Franklin, IN",2013,449480,921432,22987,7432,136730
"Fulton, IN",2013,640036,758286,20593,9686,240966
"Gibson, IN",2013,2850483,1322436,33244,23439,962340
"Grant, IN",2013,2452516,2355821,69307,35254,1094361
"Greene, IN",2013,581741,1091520,32289,10821,215487
"Hamilton, IN",2013,14115168,18260467,298290,172720,6422987
"Hancock, IN",2013,2162544,3042561,71184,31408,938231
"Harrison, IN",2013,920328,1405517,38694,16032,356528
"Hendricks, IN",2013,4959517,6437070,154264,74601,2125945
"Henry, IN",2013,1097949,1576902,49130,17227,433026
"Howard, IN",2013,4560541,2895357,83057,47549,1800348
"Huntington, IN",2013,1324590,1329292,36858,18988,518665
"Jackson, IN",2013,1924938,1625076,44118,24735,801702
"Jasper, IN",2013,1517605,1371604,33269,16279,477951
"Jay, IN",2013,811616,744155,21284,10829,265342
"Jefferson, IN",2013,1382734,1161581,32711,16545,491026
"Jennings, IN",2013,630635,923606,28260,10209,279134
"Johnson, IN",2013,4143473,6033691,145927,66277,1810602
"Knox, IN",2013,1710757,1485997,37986,22497,683278
"Kosciusko, IN",2013,4377135,3159186,78219,46957,1785718
"LaPorte, IN",2013,3975461,4028068,112292,53437,1666192
"Lagrange, IN",2013,1256768,1269629,38216,20492,503841
"Lake, IN",2013,21896019,18337764,495518,242916,9272935
"Lawrence, IN",2013,1162025,1526714,45757,18746,474560
"Madison, IN",2013,3316342,4175201,130479,51771,1445333
"Marion, IN",2013,84328503,41563831,933531,713191,31781270
"Marshall, IN",2013,1618517,1672269,46901,24314,674571
"Martin, IN",2013,818179,337654,10145,8656,461043
"Miami, IN",2013,861508,1081299,36390,13313,358308
"Monroe, IN",2013,5582298,4780326,139512,85281,2562692
"Montgomery, IN",2013,1538059,1393119,38014,19976,621447
"Morgan, IN",2013,1413405,2611247,69705,22647,546853
"Newton, IN",2013,402901,550924,13999,5113,131610
"Noble, IN",2013,1759051,1586604,47113,23335,673988
"Ohio, IN",2013,106963,203424,6005,2305,44685
"Orange, IN",2013,566420,610698,19894,10084,250392
"Owen, IN",2013,425688,675926,21305,7470,177573
"Parke, IN",2013,319099,536124,17002,5425,99351
"Perry, IN",2013,650358,609989,19427,8524,245860
"Pike, IN",2013,929528,444800,12445,4658,170355
"Porter, IN",2013,6399801,7419573,167271,77672,2612632
"Posey, IN",2013,1431255,1113201,25533,11740,464856
"Pulaski, IN",2013,542861,526360,12971,6346,169282
"Putnam, IN",2013,987967,1189409,37258,17487,448027
"Randolph, IN",2013,802087,874909,25685,10290,254291
"Ripley, IN",2013,1045480,1027321,28470,16459,542304
"Rush, IN",2013,524277,672558,17032,7129,174906
"Scott, IN",2013,552701,753081,23938,9676,242767
"Shelby, IN",2013,1826901,1716993,44393,22580,708478
"Spencer, IN",2013,1352843,784877,20636,9918,261585
"St. Joseph, IN",2013,11871555,10395911,267573,151252,5115872
"Starke, IN",2013,431817,725684,23248,6784,141969
"Steuben, IN",2013,1269968,1226546,34267,20138,513828
"Sullivan, IN",2013,1123188,671920,21215,8422,257915
"Switzerland, IN",2013,225382,283387,10276,3449,78409
"Tippecanoe, IN",2013,7652768,5937632,179124,105050,3619555
"Tipton, IN",2013,483728,637813,15592,6326,162097
"Union, IN",2013,144991,246875,7303,2531,44633
"Vanderburgh, IN",2013,9782812,7050188,180943,127029,4555766
"Vermillion, IN",2013,864859,529239,15875,5952,206928
"Vigo, IN",2013,4868133,3573040,108078,61208,1980784
"Wabash, IN",2013,1133963,1175532,32322,16516,431853
"Warren, IN",2013,285521,370005,8442,2975,74043
"Warrick, IN",2013,2111858,2793732,61101,23347,683931
"Washington, IN",2013,580332,906757,27796,9554,204358
"Wayne, IN",2013,2494081,2363717,68064,37735,1114875
"Wells, IN",2013,1075612,1056885,27734,14572,409260
"White, IN",2013,911528,951930,24559,12528,324068
"Whitley, IN",2013,1124910,1266290,33275,16145,457821
"Adams, IN",2014,1441668,1240585,34775,20035,495729
"Allen, IN",2014,17937339,14660236,366813,230663,8139927
"Bartholomew, IN",2014,6265121,3594516,79654,59038,2563275
"Benton, IN",2014,403559,337521,8714,3894,92565
"Blackford, IN",2014,305806,422104,12481,4723,118103
"Boone, IN",2014,2814985,3848475,62345,37358,1094380
"Brown, IN",2014,264996,606451,15103,5803,85582
"Carroll, IN",2014,593463,772405,19995,7923,193814
"Cass, IN",2014,1339884,1327139,38655,18796,539874
"Clark, IN",2014,4710853,4383579,114907,63999,2027710
"Clay, IN",2014,674967,882677,26524,10957,255043
"Clinton, IN",2014,1308239,1142604,32861,14774,445528
"Crawford, IN",2014,187287,316811,10635,3590,64751
"Daviess, IN",2014,1064118,1207230,32633,17141,411676
"DeKalb, IN",2014,2298314,1594369,42293,26595,963292
"Dearborn, IN",2014,1572832,2038434,49830,19694,550085
"Decatur, IN",2014,1270291,997158,26374,17230,579885
"Delaware, IN",2014,3762980,3771431,115794,58580,1830553
"Dubois, IN",2014,2502294,2116960,42752,34161,1173821
"Elkhart, IN",2014,11862397,7728708,201774,148040,5504496
"Fayette, IN",2014,560766,828961,23635,8955,237579
"Floyd, IN",2014,2583377,3579118,76755,38840,1176353
"Fountain, IN",2014,503362,594175,16684,7365,173340
"Franklin, IN",2014,511578,928262,23002,8023,152388
"Fulton, IN",2014,625604,757126,20703,9561,245862
"Gibson, IN",2014,2904433,1339512,33407,23922,1026805
"Grant, IN",2014,3436119,2414895,68927,35370,1105004
"Greene, IN",2014,616114,1136617,32060,11165,237051
"Hamilton, IN",2014,15840448,19537175,304682,181087,6919255
"Hancock, IN",2014,2184263,3109121,72017,32034,953876
"Harrison, IN",2014,967713,1458687,38771,16033,374868
"Hendricks, IN",2014,5238848,6697356,156793,77405,2243270
"Henry, IN",2014,1139960,1619320,49258,17240,442938
"Howard, IN",2014,4492112,3020715,83020,48287,1878577
"Huntington, IN",2014,1385306,1349353,36719,19179,537504
"Jackson, IN",2014,1963892,1699271,44600,25197,859078
"Jasper, IN",2014,1588187,1383039,33309,16035,461629
"Jay, IN",2014,900663,780844,21157,10930,278594
"Jefferson, IN",2014,1395164,1192192,32820,16319,497268
"Jennings, IN",2014,634571,956151,27958,10251,283266
"Johnson, IN",2014,4384542,6263701,147763,67318,1877274
"Knox, IN",2014,1776898,1518107,37869,22812,709789
"Kosciusko, IN",2014,4944622,3296695,78839,47718,1865477
"LaPorte, IN",2014,4113569,4110092,112877,53506,1697705
"Lagrange, IN",2014,1429256,1352726,38603,20923,533291
"Lake, IN",2014,24287076,18856231,495977,242199,9217656
"Lawrence, IN",2014,1228271,1599469,45467,18726,485987
"Madison, IN",2014,3485852,4301135,129966,51809,1488399
"Marion, IN",2014,86735298,42630466,940660,723001,32511313
"Marshall, IN",2014,1664524,1714259,46909,25130,721492
"Martin, IN",2014,856232,349419,10123,8524,478241
"Miami, IN",2014,887398,1134777,36348,13436,365224
"Monroe, IN",2014,6012439,5019221,140034,86327,2641504
"Montgomery, IN",2014,1527326,1397519,37989,20279,647008
"Morgan, IN",2014,1422148,2670096,69971,22907,568356
"Newton, IN",2014,400229,531025,14050,5096,134983
"Noble, IN",2014,1873644,1665168,47198,23995,726251
"Ohio, IN",2014,113197,212209,5983,2180,45402
"Orange, IN",2014,570916,621848,19850,9914,255364
"Owen, IN",2014,450387,698376,21214,7504,183975
"Parke, IN",2014,298144,528396,16935,5452,101391
"Perry, IN",2014,720242,648574,19346,8758,263957
"Pike, IN",2014,942304,446739,12427,4758,180849
"Porter, IN",2014,6447692,7632257,168205,78974,2698128
"Posey, IN",2014,1201362,1134886,25567,11355,459693
"Pulaski, IN",2014,543648,513226,12957,6321,178947
"Putnam, IN",2014,955809,1202292,37139,17400,453903
"Randolph, IN",2014,817508,900236,25420,10249,259999
"Ripley, IN",2014,1076760,1063925,28569,16518,563869
"Rush, IN",2014,513079,662680,16890,7436,193024
"Scott, IN",2014,584206,790214,23875,9931,263427
"Shelby, IN",2014,1798809,1703415,44434,23070,744421
"Spencer, IN",2014,1395319,802267,20596,9962,272543
"St. Joseph, IN",2014,12599063,10899623,268528,153910,5311911
"Starke, IN",2014,434508,727938,23092,6762,145689
"Steuben, IN",2014,1324324,1279012,34354,20626,538990
"Sullivan, IN",2014,1073554,667114,21094,8542,263531
"Switzerland, IN",2014,221121,295244,10148,3362,77566
"Tippecanoe, IN",2014,8153719,6254230,180682,107305,3803010
"Tipton, IN",2014,484720,632837,15468,6419,178337
"Union, IN",2014,134501,245900,7242,2386,45279
"Vanderburgh, IN",2014,10084527,7356279,181107,128866,4786074
"Vermillion, IN",2014,833456,533331,15690,5991,214358
"Vigo, IN",2014,5062245,3691746,107764,61066,1996187
"Wabash, IN",2014,1176088,1199110,32170,16700,454418
"Warren, IN",2014,266909,348201,8434,2947,73724
"Warrick, IN",2014,2135607,2960602,61280,23782,734051
"Washington, IN",2014,604746,943536,27905,9618,211660
"Wayne, IN",2014,2575593,2469794,67732,38456,1160149
"Wells, IN",2014,1168029,1069643,27839,14415,434783
"White, IN",2014,938719,938420,24638,13011,358220
"Whitley, IN",2014,1174284,1303623,33433,16626,489930
"Adams, IN",2015,1531584,1230903,34967,20382,517834
"Allen, IN",2015,19061178,15449046,369446,235479,8633812
"Bartholomew, IN",2015,6342241,3772199,80403,60063,2721916
"Benton, IN",2015,347698,291597,8686,3842,93407
"Blackford, IN",2015,289844,425864,12408,4626,126497
"Boone, IN",2015,2923435,4179564,63943,38513,1179357
"Brown, IN",2015,270355,633771,15189,5789,89234
"Carroll, IN",2015,536092,738998,19937,7761,195247
"Cass, IN",2015,1326754,1325763,38290,18666,551644
"Clark, IN",2015,4900039,4617687,115914,66917,2197215
"Clay, IN",2015,715248,899172,26510,10915,278911
"Clinton, IN",2015,1365555,1126338,32865,14883,455868
"Crawford, IN",2015,189149,327146,10514,3536,68021
"Daviess, IN",2015,1205881,1256178,32772,17524,430748
"DeKalb, IN",2015,2395000,1659140,42327,27173,1017944
"Dearborn, IN",2015,1750691,2140720,49964,19906,578926
"Decatur, IN",2015,1285247,998343,26292,17184,598057
"Delaware, IN",2015,3822925,3872188,114914,59590,1919386
"Dubois, IN",2015,2729392,2173688,42881,34851,1231306
"Elkhart, IN",2015,13410574,8096897,203430,151729,5871542
"Fayette, IN",2015,557646,825234,23627,8809,242083
"Floyd, IN",2015,2670315,3773234,77326,39676,1259431
"Fountain, IN",2015,462054,582247,16527,6878,163676
"Franklin, IN",2015,520201,964421,22963,7879,156019
"Fulton, IN",2015,591038,760331,20568,9529,254639
"Gibson, IN",2015,2939230,1341112,33255,24411,1065844
"Grant, IN",2015,3462832,2480422,68209,35323,1142015
"Greene, IN",2015,614937,1144408,31701,10904,235372
"Hamilton, IN",2015,17144738,20760833,310840,191009,7528055
"Hancock, IN",2015,2285039,3284589,72745,32201,1002349
"Harrison, IN",2015,975926,1508402,39033,16028,385860
"Hendricks, IN",2015,5712671,7075011,158958,83934,2513959
"Henry, IN",2015,1119890,1645327,49118,17221,451376
"Howard, IN",2015,4415289,3109118,82855,48491,1951424
"Huntington, IN",2015,1429109,1378216,36652,19196,554580
"Jackson, IN",2015,2201816,1742347,44986,25493,910142
"Jasper, IN",2015,1459163,1368415,33234,15954,476694
"Jay, IN",2015,1029591,804554,21163,10725,276136
"Jefferson, IN",2015,1399381,1245007,32809,16678,520596
"Jennings, IN",2015,661123,980359,27881,10249,291010
"Johnson, IN",2015,4751493,6581640,149815,69074,2011911
"Knox, IN",2015,1762235,1495302,37648,22854,710483
"Kosciusko, IN",2015,5152898,3635222,79126,48022,2193416
"LaPorte, IN",2015,3988452,4174462,112237,53301,1714799
"Lagrange, IN",2015,1571462,1393452,38827,21445,562449
"Lake, IN",2015,23126376,19535880,493992,242920,9318442
"Lawrence, IN",2015,1253213,1649250,45341,18812,515909
"Madison, IN",2015,3594838,4417514,129673,52487,1561784
"Marion, IN",2015,84225898,44510387,945714,731805,33897540
"Marshall, IN",2015,1580701,1741146,46714,25164,741795
"Martin, IN",2015,935383,362360,10072,8617,486604
"Miami, IN",2015,897306,1131769,36345,13445,384117
"Monroe, IN",2015,6119254,5279510,140071,86971,2809529
"Montgomery, IN",2015,1616516,1435161,38045,20834,688921
"Morgan, IN",2015,1438915,2732679,70148,23333,603610
"Newton, IN",2015,370931,520156,13925,5010,136588
"Noble, IN",2015,1912138,1701268,47298,24459,750585
"Ohio, IN",2015,123546,222072,5909,2095,45194
"Orange, IN",2015,620108,648652,19730,10112,266965
"Owen, IN",2015,455834,732030,21067,7471,194440
"Parke, IN",2015,306357,531709,16606,5521,106535
"Perry, IN",2015,786288,663818,19327,8748,271022
"Pike, IN",2015,767589,452518,12328,4388,156654
"Porter, IN",2015,6548253,7850062,168631,79551,2756545
"Posey, IN",2015,1322516,1126809,25570,11374,482883
"Pulaski, IN",2015,531032,498231,12858,6281,188106
"Putnam, IN",2015,1019307,1231668,36996,17622,484109
"Randolph, IN",2015,781152,937840,25245,10224,269343
"Ripley, IN",2015,1088179,1060099,28654,16442,564735
"Rush, IN",2015,449048,642432,16763,7504,203269
"Scott, IN",2015,613457,810219,23956,9957,275763
"Shelby, IN",2015,1824461,1703242,44435,23503,794156
"Spencer, IN",2015,1228696,807660,20438,10065,279475
"St. Joseph, IN",2015,13055571,11598044,269192,157231,5618863
"Starke, IN",2015,431565,734286,23026,6989,153936
"Steuben, IN",2015,1322536,1287999,34301,20790,571345
"Sullivan, IN",2015,928107,664655,20998,8318,251049
"Switzerland, IN",2015,227276,300524,10100,3302,79582
"Tippecanoe, IN",2015,8633110,6497697,182041,108608,4015611
"Tipton, IN",2015,469381,624451,15326,6591,191093
"Union, IN",2015,129612,240308,7188,2314,46935
"Vanderburgh, IN",2015,10360881,7587675,180488,130476,5030214
"Vermillion, IN",2015,796617,534209,15633,5962,208675
"Vigo, IN",2015,4761948,3724963,107338,60831,2043481
"Wabash, IN",2015,1186096,1217382,31948,16474,452603
"Warren, IN",2015,210612,312591,8387,2946,74463
"Warrick, IN",2015,2146871,3100772,61929,24053,761798
"Washington, IN",2015,646921,968082,27797,9661,218109
"Wayne, IN",2015,2551821,2451339,67417,38276,1184356
"Wells, IN",2015,1129453,1069761,27882,14357,420533
"White, IN",2015,938160,932724,24528,12947,364062
"Whitley, IN",2015,1204425,1333266,33431,16985,512443
"Adams, IN",2016,1570810,1246090,35221,20525,529545
"Allen, IN",2016,19777066,15815497,371849,237837,8818951
"Bartholomew, IN",2016,6343354,3844983,81035,60669,2748397
"Benton, IN",2016,439574,325191,8644,3775,93846
"Blackford, IN",2016,296475,420097,12311,4720,125248
"Boone, IN",2016,2897318,4476330,65324,39348,1236072
"Brown, IN",2016,280240,653102,15239,5664,93382
"Carroll, IN",2016,567440,775795,20022,7862,196100
"Cass, IN",2016,1350324,1347172,38178,18797,566810
"Clark, IN",2016,5030645,4753109,116893,68429,2330610
"Clay, IN",2016,751762,921531,26341,11015,281100
"Clinton, IN",2016,1472370,1148704,32741,14827,461890
"Crawford, IN",2016,189265,332477,10519,3441,68141
"Daviess, IN",2016,1159564,1256282,32944,17728,445549
"DeKalb, IN",2016,2452115,1723472,42451,27647,1026370
"Dearborn, IN",2016,1725132,2152163,50031,20358,580685
"Decatur, IN",2016,1400258,1036745,26514,17347,641493
"Delaware, IN",2016,3834913,3936721,114627,60289,1926741
"Dubois, IN",2016,2681736,2149958,43123,35694,1264496
"Elkhart, IN",2016,14744750,8436448,204114,154715,6369093
"Fayette, IN",2016,568850,859004,23527,8967,248894
"Floyd, IN",2016,2835079,3991176,77718,40559,1341985
"Fountain, IN",2016,461253,607860,16445,6520,164079
"Franklin, IN",2016,497675,973801,22787,8389,162048
"Fulton, IN",2016,619081,768382,20412,9411,249970
"Gibson, IN",2016,3365655,1388056,33192,24665,1111282
"Grant, IN",2016,3217249,2475406,67516,34724,1147273
"Greene, IN",2016,632855,1164874,31373,10720,233692
"Hamilton, IN",2016,17992658,21978659,318930,198509,7917806
"Hancock, IN",2016,2468333,3460745,74159,33435,1069110
"Harrison, IN",2016,1024096,1561811,39069,15778,409146
"Hendricks, IN",2016,6082378,7458521,161804,88597,2670225
"Henry, IN",2016,1134947,1700225,48889,17162,467299
"Howard, IN",2016,4327647,3160214,82965,49709,1983161
"Huntington, IN",2016,1399007,1389223,36451,18732,559521
"Jackson, IN",2016,2211039,1737862,45301,25704,960656
"Jasper, IN",2016,1433234,1387510,33101,16071,489625
"Jay, IN",2016,839403,736402,21054,10521,277656
"Jefferson, IN",2016,1403484,1251620,32860,16607,523200
"Jennings, IN",2016,648453,997916,27723,10166,291957
"Johnson, IN",2016,4978199,6885595,152584,71537,2134259
"Knox, IN",2016,1838213,1527996,37207,22709,731175
"Kosciusko, IN",2016,4766541,3402485,79438,48798,1926771
"LaPorte, IN",2016,4006596,4292650,111937,53133,1733658
"Lagrange, IN",2016,1641962,1448305,39372,22114,595459
"Lake, IN",2016,22763909,20048999,493269,243612,9374446
"Lawrence, IN",2016,1273388,1704332,45287,18819,537539
"Madison, IN",2016,3650711,4535504,129643,52969,1614485
"Marion, IN",2016,87054587,45808191,952724,741927,35149694
"Marshall, IN",2016,1634339,1787456,46591,25346,758298
"Martin, IN",2016,936672,358196,10017,8682,501044
"Miami, IN",2016,927229,1151429,36431,13402,391071
"Monroe, IN",2016,6373546,5559733,140704,88070,2908564
"Montgomery, IN",2016,1601872,1452745,37991,20489,693487
"Morgan, IN",2016,1556163,2840125,70336,24720,690454
"Newton, IN",2016,327481,517206,13946,5013,138409
"Noble, IN",2016,1920408,1729006,47176,23920,748175
"Ohio, IN",2016,119657,222997,5930,2089,45026
"Orange, IN",2016,620705,665389,19590,10297,282754
"Owen, IN",2016,482237,761327,21189,7249,200887
"Parke, IN",2016,312869,559157,16501,5765,114518
"Perry, IN",2016,789555,672937,19013,8769,278213
"Pike, IN",2016,771259,456694,12287,4449,153532
"Porter, IN",2016,6854958,8078788,169038,81040,2809030
"Posey, IN",2016,1567257,1133663,25565,11745,483551
"Pulaski, IN",2016,565526,511663,12680,6326,189578
"Putnam, IN",2016,1093283,1293345,36677,18340,520562
"Randolph, IN",2016,735798,925091,25217,9984,269732
"Ripley, IN",2016,1095849,1092152,28746,16368,578307
"Rush, IN",2016,512583,680203,16692,7574,202749
"Scott, IN",2016,656972,840668,24040,10338,303789
"Shelby, IN",2016,1891274,1777588,44351,23975,826789
"Spencer, IN",2016,1233071,813974,20253,9814,280797
"St. Joseph, IN",2016,13172979,11653968,270791,159829,5847176
"Starke, IN",2016,450430,753902,23219,7353,157539
"Steuben, IN",2016,1340850,1342774,34149,20619,578691
"Sullivan, IN",2016,967666,679642,20841,7949,237075
"Switzerland, IN",2016,218856,298424,10037,3339,82228
"Tippecanoe, IN",2016,9060908,6690797,184643,110456,4144264
"Tipton, IN",2016,489185,646772,15251,6545,191580
"Union, IN",2016,131921,252611,7147,2329,46840
"Vanderburgh, IN",2016,10491640,7600626,180213,130876,5055172
"Vermillion, IN",2016,865236,542986,15631,6055,212410
"Vigo, IN",2016,4534735,3809274,107541,61115,2083757
"Wabash, IN",2016,1141831,1222288,31646,16491,461980
"Warren, IN",2016,237792,329153,8301,3128,75269
"Warrick, IN",2016,2138402,3205266,62486,24108,773327
"Washington, IN",2016,600534,966301,27734,9744,223826
"Wayne, IN",2016,2625584,2516009,67167,38416,1215522
"Wells, IN",2016,1080161,1084405,27896,14573,425601
"White, IN",2016,975356,958779,24399,12685,370691
"Whitley, IN",2016,1294484,1384458,33455,16883,525925
"Adams, IN",2017,1725316,1313620,35415,21002,574853
"Allen, IN",2017,20562724,16296639,374509,241344,9217855
"Bartholomew, IN",2017,6323063,4011815,80902,61246,2847327
"Benton, IN",2017,419520,327737,8621,3850,101688
"Blackford, IN",2017,314903,427219,12251,4685,131984
"Boone, IN",2017,3086368,4640885,67081,41219,1330987
"Brown, IN",2017,287151,674388,15283,5568,90143
"Carroll, IN",2017,624539,801954,20138,8164,213299
"Cass, IN",2017,1371826,1394385,38117,18825,595738
"Clark, IN",2017,5273334,4928865,118089,68401,2380841
"Clay, IN",2017,799045,963274,26318,10893,295790
"Clinton, IN",2017,1524156,1167562,32833,14791,474951
"Crawford, IN",2017,191758,345636,10474,3353,69170
"Daviess, IN",2017,1248981,1327484,33061,17663,466170
"DeKalb, IN",2017,2475014,1802407,42573,27948,1093930
"Dearborn, IN",2017,1784239,2235521,50289,20119,582630
"Decatur, IN",2017,1574172,1078347,26562,17567,677217
"Delaware, IN",2017,3982269,4061398,114031,60392,1995163
"Dubois, IN",2017,2759578,2264165,43286,35685,1314458
"Elkhart, IN",2017,16363864,9114688,204843,162365,7225585
"Fayette, IN",2017,578067,887803,23462,8839,250796
"Floyd, IN",2017,2893897,4053390,78109,41626,1371546
"Fountain, IN",2017,444645,624043,16420,6593,173158
"Franklin, IN",2017,549535,1008557,22716,8134,165575
"Fulton, IN",2017,659270,789895,20324,9506,257052
"Gibson, IN",2017,3793504,1434208,33175,24661,1131175
"Grant, IN",2017,2392185,2497580,67278,35040,1146803
"Greene, IN",2017,639385,1207984,31201,10807,251040
"Hamilton, IN",2017,18733739,23237333,326433,205823,8400974
"Hancock, IN",2017,2766761,3624459,75474,34384,1164127
"Harrison, IN",2017,1108049,1612045,39099,15995,426296
"Hendricks, IN",2017,6461982,7863817,165225,92594,2917475
"Henry, IN",2017,1262209,1753438,48802,17608,495850
"Howard, IN",2017,4238852,3241632,82960,49764,2036278
"Huntington, IN",2017,1433299,1434731,36413,18474,577487
"Jackson, IN",2017,2277231,1770147,45462,26088,987692
"Jasper, IN",2017,1515076,1391790,33074,16167,512929
"Jay, IN",2017,936327,777396,20917,10470,292118
"Jefferson, IN",2017,1469251,1279516,32723,16659,529674
"Jennings, IN",2017,691057,1038020,27733,10230,307919
"Johnson, IN",2017,5130640,7166623,155009,74353,2277396
"Knox, IN",2017,1942548,1563546,36886,22415,743239
"Kosciusko, IN",2017,5195294,3588314,79906,49402,1980058
"LaPorte, IN",2017,4065045,4424111,111815,53194,1780534
"Lagrange, IN",2017,1895235,1594475,39538,22675,678914
"Lake, IN",2017,23688762,20692128,492798,245569,9661428
"Lawrence, IN",2017,1268694,1762521,45278,19376,566398
"Madison, IN",2017,3697651,4677723,129791,53774,1686448
"Marion, IN",2017,88127825,46690204,959016,752985,36716300
"Marshall, IN",2017,1671899,1861573,46390,24828,762404
"Martin, IN",2017,1000934,373272,9982,8831,530200
"Miami, IN",2017,993384,1197177,36346,13341,401048
"Monroe, IN",2017,6742801,5878131,140749,89835,3070506
"Montgomery, IN",2017,1610499,1445631,38052,20459,715398
"Morgan, IN",2017,1621957,2932354,70628,25093,705778
"Newton, IN",2017,315741,520282,13963,4958,140871
"Noble, IN",2017,1878515,1815680,47081,24075,770963
"Ohio, IN",2017,134585,227876,5897,2045,50753
"Orange, IN",2017,681245,709741,19552,10283,290796
"Owen, IN",2017,513512,788618,21115,7447,212234
"Parke, IN",2017,339585,582606,16398,5770,118971
"Perry, IN",2017,740532,694169,19015,8629,284927
"Pike, IN",2017,810539,479243,12205,4650,186464
"Porter, IN",2017,7115838,8524608,170225,81604,2915541
"Posey, IN",2017,2307450,1182057,25492,11791,497969
"Pulaski, IN",2017,584950,510257,12605,6429,201537
"Putnam, IN",2017,1145229,1341678,36856,18778,546570
"Randolph, IN",2017,759618,905836,25062,9741,259056
"Ripley, IN",2017,1133927,1140120,28819,16519,592921
"Rush, IN",2017,571794,716015,16716,7582,207652
"Scott, IN",2017,698658,857042,24207,10531,319404
"Shelby, IN",2017,1931519,1845287,44505,24181,847838
"Spencer, IN",2017,1238572,854444,20160,9826,293726
"St. Joseph, IN",2017,13454037,12194837,271084,161043,6000257
"Starke, IN",2017,454072,767472,23172,7208,157674
"Steuben, IN",2017,1400397,1416293,34163,20736,610704
"Sullivan, IN",2017,938576,700966,20859,7817,244013
"Switzerland, IN",2017,234845,313153,9978,3413,85175
"Tippecanoe, IN",2017,9596087,7006344,184553,112362,4316801
"Tipton, IN",2017,498087,653925,15252,6564,198603
"Union, IN",2017,142577,260798,7181,2295,47748
"Vanderburgh, IN",2017,11011533,7851462,179499,132749,5319929
"Vermillion, IN",2017,892248,567617,15556,6061,222081
"Vigo, IN",2017,4480630,3942038,107264,61342,2146973
"Wabash, IN",2017,1137924,1246676,31489,16307,473161
"Warren, IN",2017,225470,332452,8361,3133,79607
"Warrick, IN",2017,2237906,3374866,62946,24260,793960
"Washington, IN",2017,646745,1013294,27797,9991,233812
"Wayne, IN",2017,2725048,2588309,66818,38748,1272260
"Wells, IN",2017,1090649,1111962,27972,14494,433097
"White, IN",2017,945258,962700,24520,12453,365968
"Whitley, IN",2017,1397820,1436211,33703,16937,555053
"Adams, IN",2018,1761390,1368525,35571,21371,595303
"Allen, IN",2018,21771351,17275592,378174,246573,9729563
"Bartholomew, IN",2018,6853413,4323240,81282,61983,3093167
"Benton, IN",2018,421183,347122,8658,3933,112321
"Blackford, IN",2018,346668,440952,12197,4624,136423
"Boone, IN",2018,3333335,4955573,68444,42409,1451496
"Brown, IN",2018,308232,714290,15541,5526,93306
"Carroll, IN",2018,661571,848308,20280,8374,222575
"Cass, IN",2018,1392657,1446011,38215,19209,609299
"Clark, IN",2018,5539886,5098959,118935,68675,2460211
"Clay, IN",2018,795835,977680,26376,11034,301657
"Clinton, IN",2018,1526979,1240301,32884,14994,498768
"Crawford, IN",2018,196802,355935,10519,3294,71607
"Daviess, IN",2018,1343411,1393614,33238,18201,499010
"DeKalb, IN",2018,2599786,1900091,42935,28104,1162140
"Dearborn, IN",2018,1811147,2350940,50304,20262,614758
"Decatur, IN",2018,1672738,1121820,26611,17869,712688
"Delaware, IN",2018,4100096,4153955,112723,60241,2032057
"Dubois, IN",2018,2882358,2322932,43441,35854,1345609
"Elkhart, IN",2018,16362889,9449457,206230,166165,7355143
"Fayette, IN",2018,595113,921131,23393,9022,261397
"Floyd, IN",2018,3041192,4250309,79096,42756,1426690
"Fountain, IN",2018,473309,648878,16414,6915,186133
"Franklin, IN",2018,584768,1031632,22768,7826,172155
"Fulton, IN",2018,708103,830059,20458,9766,268955
"Gibson, IN",2018,3597728,1491995,32992,25095,1178067
"Grant, IN",2018,2504319,2623505,67137,35373,1213000
"Greene, IN",2018,664101,1247198,30999,10856,261932
"Hamilton, IN",2018,20010869,24856451,334364,211980,8733177
"Hancock, IN",2018,2990269,3869181,77023,35687,1205345
"Harrison, IN",2018,1181912,1682403,39454,16062,439425
"Hendricks, IN",2018,6974924,8361834,168599,96947,3159694
"Henry, IN",2018,1377033,1823237,48915,17835,529609
"Howard, IN",2018,4325521,3401685,83087,48917,2053375
"Huntington, IN",2018,1470988,1496622,36429,18367,594889
"Jackson, IN",2018,2384826,1897209,45786,26498,1059218
"Jasper, IN",2018,1584236,1450850,32942,15793,512805
"Jay, IN",2018,982351,795608,20764,10288,293049
"Jefferson, IN",2018,1533807,1347394,32960,16701,548474
"Jennings, IN",2018,747093,1087695,27703,10536,323109
"Johnson, IN",2018,5615374,7566920,157605,77767,2507760
"Knox, IN",2018,1935961,1595416,36395,22733,768089
"Kosciusko, IN",2018,5592611,3745409,80363,50638,2079707
"LaPorte, IN",2018,4373655,4611182,112250,53329,1853798
"Lagrange, IN",2018,2009587,1672557,39756,23408,716283
"Lake, IN",2018,25406734,21758118,493981,247718,10044585
"Lawrence, IN",2018,1389029,1845939,45328,19715,604375
"Madison, IN",2018,3878537,4862197,129878,54130,1765115
"Marion, IN",2018,93441536,49476399,968269,762671,38218536
"Marshall, IN",2018,1722789,1910719,46259,24487,776285
"Martin, IN",2018,1064316,386912,9970,8960,550366
"Miami, IN",2018,997375,1225683,36152,13517,410641
"Monroe, IN",2018,7109377,6151725,140470,91519,3163624
"Montgomery, IN",2018,1712779,1497946,37921,20555,743753
"Morgan, IN",2018,1757703,3059079,71013,24771,679779
"Newton, IN",2018,342475,547744,13895,4987,144897
"Noble, IN",2018,1968534,1898608,47308,24599,813987
"Ohio, IN",2018,132328,234374,5913,2063,46168
"Orange, IN",2018,733949,728988,19727,10185,294499
"Owen, IN",2018,540927,825657,21263,7786,215986
"Parke, IN",2018,349925,599200,16381,5751,114771
"Perry, IN",2018,772004,710441,19106,8672,289941
"Pike, IN",2018,692925,493553,12273,4197,148956
"Porter, IN",2018,7956917,8990527,171541,83990,3088222
"Posey, IN",2018,3373980,1216615,25448,12088,540324
"Pulaski, IN",2018,615504,529637,12589,6556,210586
"Putnam, IN",2018,1166590,1387639,36863,18802,558120
"Randolph, IN",2018,780264,921805,24899,9653,266714
"Ripley, IN",2018,1155191,1178126,28968,16003,586265
"Rush, IN",2018,635500,737518,16719,7680,220144
"Scott, IN",2018,729233,885359,24224,10773,335212
"Shelby, IN",2018,2081187,1926669,44680,24440,884449
"Spencer, IN",2018,1233908,879925,20065,9816,303458
"St. Joseph, IN",2018,14327457,12771040,271942,163219,6232414
"Starke, IN",2018,514317,790226,23210,7154,166179
"Steuben, IN",2018,1471121,1499146,34273,21122,649974
"Sullivan, IN",2018,943099,728234,20865,7831,254996
"Switzerland, IN",2018,255239,335657,9947,3549,92548
"Tippecanoe, IN",2018,10337458,7471487,185908,115503,4723067
"Tipton, IN",2018,609072,683688,15217,7476,289262
"Union, IN",2018,149287,271315,7066,2382,49569
"Vanderburgh, IN",2018,11257135,8097611,179417,133998,5428255
"Vermillion, IN",2018,895766,570800,15563,6013,219391
"Vigo, IN",2018,4608292,4027839,107000,61149,2187217
"Wabash, IN",2018,1175337,1294741,31309,16285,494441
"Warren, IN",2018,236896,355986,8449,3169,85102
"Warrick, IN",2018,2413110,3498819,63025,24818,849523
"Washington, IN",2018,688881,1078262,27955,10079,242141
"Wayne, IN",2018,2846090,2687334,66709,39278,1323562
"Wells, IN",2018,1185588,1158935,28025,14657,459720
"White, IN",2018,999114,1025636,24557,12714,391230
"Whitley, IN",2018,1600646,1521706,34003,17454,597684
"Adams, IN",2019,1879370,1416503,35694,20702,608013
"Allen, IN",2019,22198490,17932613,382508,248943,10138510
"Bartholomew, IN",2019,7051984,4455624,82045,61913,3167977
"Benton, IN",2019,479650,364724,8741,3699,105598
"Blackford, IN",2019,350159,448364,12078,4375,124903
"Boone, IN",2019,3585866,5333720,69557,44177,1571320
"Brown, IN",2019,307797,749315,15396,5494,95916
"Carroll, IN",2019,684964,869943,20292,8489,235851
"Cass, IN",2019,1440847,1502816,37976,19015,624203
"Clark, IN",2019,5627178,5411124,120051,68898,2569754
"Clay, IN",2019,789230,991237,26482,10909,307033
"Clinton, IN",2019,1551157,1267190,33168,14932,508698
"Crawford, IN",2019,184541,368337,10518,3147,71191
"Daviess, IN",2019,1349589,1446923,33352,18329,525505
"DeKalb, IN",2019,2677822,1948710,43225,28119,1174282
"Dearborn, IN",2019,1927431,2465801,50407,20390,635656
"Decatur, IN",2019,1728715,1186094,26389,18446,727266
"Delaware, IN",2019,4219411,4328406,112208,60061,2133798
"Dubois, IN",2019,2848199,2358863,43558,35570,1384266
"Elkhart, IN",2019,16105787,9438978,206985,161305,7008194
"Fayette, IN",2019,585424,944902,23450,8575,262025
"Floyd, IN",2019,3144607,4341158,79988,42630,1485805
"Fountain, IN",2019,460021,663361,16396,6819,192492
"Franklin, IN",2019,541611,1059803,22779,7834,173828
"Fulton, IN",2019,705588,854853,20427,9586,277605
"Gibson, IN",2019,3408134,1532446,33001,25311,1206738
"Grant, IN",2019,2505272,2601114,66980,34819,1230192
"Greene, IN",2019,665603,1304955,30858,10703,261731
"Hamilton, IN",2019,21203606,26309601,342222,213371,9118984
"Hancock, IN",2019,3319014,4052687,78732,36911,1323306
"Harrison, IN",2019,1202057,1788668,39645,15762,445391
"Hendricks, IN",2019,7207815,8715454,172023,98629,3356632
"Henry, IN",2019,1409535,1894083,48817,17831,539690
"Howard, IN",2019,4356017,3479246,83500,47870,2101738
"Huntington, IN",2019,1494263,1529590,36747,18139,597566
"Jackson, IN",2019,2492511,1940437,46136,26644,1122290
"Jasper, IN",2019,1603039,1516981,33049,15481,506570
"Jay, IN",2019,905577,769227,20492,9980,286854
"Jefferson, IN",2019,1605161,1436878,33155,16745,562586
"Jennings, IN",2019,768184,1136988,27720,10569,337827
"Johnson, IN",2019,5875804,7975679,159809,79293,2622622
"Knox, IN",2019,1892546,1623862,36370,22355,779977
"Kosciusko, IN",2019,5925499,3870680,80441,50377,2146555
"LaPorte, IN",2019,4259550,4707917,112414,53240,1885362
"Lagrange, IN",2019,1905173,1652242,40145,22747,679124
"Lake, IN",2019,23477121,22416840,496431,247499,10253676
"Lawrence, IN",2019,1390670,1929431,45014,19563,628085
"Madison, IN",2019,3983960,5037033,129826,53826,1798158
"Marion, IN",2019,97780564,53374742,973834,771239,39904033
"Marshall, IN",2019,1710179,1950623,46139,24302,787775
"Martin, IN",2019,1129317,401349,9917,9439,595944
"Miami, IN",2019,1000205,1251795,36046,13115,406713
"Monroe, IN",2019,7238848,6394047,140375,92379,3301735
"Montgomery, IN",2019,1692184,1544180,37904,20151,752158
"Morgan, IN",2019,1918573,3196346,71421,24054,690584
"Newton, IN",2019,338675,568756,13878,4837,142926
"Noble, IN",2019,2009691,1941089,47520,24592,829007
"Ohio, IN",2019,120417,245659,5945,1976,45780
"Orange, IN",2019,672385,745769,19837,10283,297740
"Owen, IN",2019,565895,867436,21312,7896,237165
"Parke, IN",2019,372671,631090,16252,5685,118718
"Perry, IN",2019,750718,718181,19190,8591,293231
"Pike, IN",2019,753801,512441,12258,4149,150862
"Porter, IN",2019,7759510,9326106,172732,84262,3191706
"Posey, IN",2019,3537705,1300513,25318,12118,564568
"Pulaski, IN",2019,646149,552931,12475,6568,218390
"Putnam, IN",2019,1162147,1440603,36857,18584,569223
"Randolph, IN",2019,805293,947902,24713,9401,269582
"Ripley, IN",2019,1187035,1212000,28959,16244,601221
"Rush, IN",2019,633536,759514,16698,7559,224932
"Scott, IN",2019,741922,920903,24362,10516,340514
"Shelby, IN",2019,2091734,1986470,44933,24029,904166
"Spencer, IN",2019,1135462,921007,19916,9681,317924
"St. Joseph, IN",2019,15004213,12902557,272791,164027,6472096
"Starke, IN",2019,551337,808514,23299,6717,162532
"Steuben, IN",2019,1529485,1553576,34424,21312,671705
"Sullivan, IN",2019,961048,751155,20814,7972,288183
"Switzerland, IN",2019,253245,349196,9906,3405,84157
"Tippecanoe, IN",2019,10555829,7618600,186104,116966,4761003
"Tipton, IN",2019,597279,696990,15265,7605,273393
"Union, IN",2019,144884,279547,7113,2392,50641
"Vanderburgh, IN",2019,11790445,8501803,179594,133392,5702481
"Vermillion, IN",2019,857596,588113,15555,5892,241748
"Vigo, IN",2019,4732143,4126422,106467,60401,2228089
"Wabash, IN",2019,1200705,1326402,31138,16237,501878
"Warren, IN",2019,229853,361251,8465,3156,88132
"Warrick, IN",2019,2385305,3717088,63506,24989,885080
"Washington, IN",2019,647263,1102363,28083,9941,247369
"Wayne, IN",2019,2900785,2773489,66588,38949,1340584
"Wells, IN",2019,1145779,1195421,28178,14500,470686
"White, IN",2019,995992,1066334,24634,12576,403586
"Whitley, IN",2019,1612931,1584985,33830,17502,630151
"Adams, IN",2020,1781329,1525950,35852,20152,610007
"Allen, IN",2020,21269498,19345409,386082,241316,10295163
"Bartholomew, IN",2020,6677011,4590932,82216,58403,3013854
"Benton, IN",2020,515875,410693,8716,3695,105867
"Blackford, IN",2020,337121,477762,12111,4099,123540
"Boone, IN",2020,3955403,5523255,71134,48026,1859018
"Brown, IN",2020,289883,812467,15482,5251,95788
"Carroll, IN",2020,728935,954156,20331,8483,258331
"Cass, IN",2020,1492912,1621960,37791,18270,642163
"Clark, IN",2020,5591523,5917365,121353,68503,2693254
"Clay, IN",2020,793150,1082849,26419,10688,304873
"Clinton, IN",2020,1572110,1378391,33174,14586,527200
"Crawford, IN",2020,188107,401700,10525,3206,77971
"Daviess, IN",2020,1445854,1615557,33366,18260,567217
"DeKalb, IN",2020,2531675,2094328,43297,26798,1157089
"Dearborn, IN",2020,2001957,2636426,50754,19740,658858
"Decatur, IN",2020,1638093,1256977,26465,17329,715473
"Delaware, IN",2020,4224825,4658228,111763,57878,2180966
"Dubois, IN",2020,2801352,2529164,43643,34583,1368204
"Elkhart, IN",2020,15859944,10211653,206983,153511,7181280
"Fayette, IN",2020,577970,1026570,23362,8219,268222
"Floyd, IN",2020,3049043,4566920,80509,40898,1495630
"Fountain, IN",2020,467636,743521,16483,6514,188011
"Franklin, IN",2020,546654,1164049,22793,7933,189587
"Fulton, IN",2020,707695,935974,20469,9353,280637
"Gibson, IN",2020,3373559,1667849,33055,24726,1179433
"Grant, IN",2020,2465074,2820022,66475,34172,1233793
"Greene, IN",2020,645521,1413400,30804,10586,268245
"Hamilton, IN",2020,21131124,28069488,348966,214089,9547380
"Hancock, IN",2020,3417176,4434667,80187,36607,1352187
"Harrison, IN",2020,1194852,1927622,39662,15224,452990
"Hendricks, IN",2020,7709503,9352229,175575,100812,3630400
"Henry, IN",2020,1438847,2068956,48903,17506,549931
"Howard, IN",2020,4177318,3661971,83588,45863,1935189
"Huntington, IN",2020,1485433,1652628,36646,17741,600357
"Jackson, IN",2020,2566725,2045631,46461,26249,1126240
"Jasper, IN",2020,1501101,1672817,32892,15325,518903
"Jay, IN",2020,895595,863611,20476,9556,286437
"Jefferson, IN",2020,1548332,1552529,33100,16130,565473
"Jennings, IN",2020,744358,1229577,27581,10322,345773
"Johnson, IN",2020,6024517,8494055,162224,79495,2765513
"Knox, IN",2020,1901890,1787708,36248,21751,796009
"Kosciusko, IN",2020,6059715,4174128,80155,48398,2123743
"LaPorte, IN",2020,4078102,5050741,112276,51421,1902121
"Lagrange, IN",2020,1726402,1807624,40530,21856,678352
"Lake, IN",2020,21768060,23837938,498932,237805,10026034
"Lawrence, IN",2020,1345749,2103020,45012,19054,636699
"Madison, IN",2020,3962459,5494472,130195,52722,1848995
"Marion, IN",2020,97193090,58426998,976631,736470,40341600
"Marshall, IN",2020,1678308,2139460,46076,23529,800746
"Martin, IN",2020,1184345,441420,9803,9628,620702
"Miami, IN",2020,980029,1334970,35913,12716,412400
"Monroe, IN",2020,7170200,6770492,139571,89687,3469875
"Montgomery, IN",2020,1668360,1690768,37942,19871,761225
"Morgan, IN",2020,1977847,3419057,71848,23915,719400
"Newton, IN",2020,360136,630458,13786,4804,145263
"Noble, IN",2020,1946347,2086026,47453,22900,786643
"Ohio, IN",2020,127795,292175,5922,1787,43047
"Orange, IN",2020,612140,804766,19848,9590,286767
"Owen, IN",2020,564923,946525,21314,7866,243244
"Parke, IN",2020,407146,703248,16155,5651,126204
"Perry, IN",2020,695923,759506,19151,8341,283307
"Pike, IN",2020,666754,546288,12247,4263,170651
"Porter, IN",2020,6970824,9746755,173295,80575,3069722
"Posey, IN",2020,2830099,1397747,25173,11922,569151
"Pulaski, IN",2020,672784,614445,12523,6386,224495
"Putnam, IN",2020,1143855,1558151,36679,17490,569143
"Randolph, IN",2020,795893,1057065,24409,9377,289115
"Ripley, IN",2020,1207897,1333026,28968,15714,636389
"Rush, IN",2020,598310,818747,16767,7268,216275
"Scott, IN",2020,731918,1002571,24371,10186,348400
"Shelby, IN",2020,1999150,2125128,45058,22985,877361
"Spencer, IN",2020,908819,973955,19835,9218,310098
"St. Joseph, IN",2020,14300429,13654333,272672,154191,6431865
"Starke, IN",2020,549250,888926,23380,6612,166696
"Steuben, IN",2020,1481285,1662753,34453,20293,670784
"Sullivan, IN",2020,841382,812614,20819,7633,272955
"Switzerland, IN",2020,233551,377846,9742,3124,74207
"Tippecanoe, IN",2020,10131066,7925549,186369,111557,4702007
"Tipton, IN",2020,629846,753206,15386,7333,265291
"Union, IN",2020,152220,310755,7081,2318,49823
"Vanderburgh, IN",2020,11452986,9129768,180331,126734,5597882
"Vermillion, IN",2020,905282,653622,15409,5909,234469
"Vigo, IN",2020,4703602,4478176,106119,57506,2245894
"Wabash, IN",2020,1202538,1431155,30936,15530,508182
"Warren, IN",2020,242095,408357,8424,3080,87592
"Warrick, IN",2020,2411408,3944989,63996,25152,918772
"Washington, IN",2020,646857,1208991,28242,9540,242999
"Wayne, IN",2020,2854197,3012187,66513,37278,1338053
"Wells, IN",2020,1113445,1295200,28167,14220,476613
"White, IN",2020,1079976,1165404,24668,12510,422721
"Whitley, IN",2020,1550306,1708073,34338,17351,646094
"Adams, IN",2021,1993204,1704186,35939,20647,658924
"Allen, IN",2021,23189094,21710667,389112,250202,11139091
"Bartholomew, IN",2021,7205692,4956752,82730,59219,3211383
"Benton, IN",2021,577181,469208,8714,3630,106907
"Blackford, IN",2021,377474,528282,12056,4101,132719
"Boone, IN",2021,4468773,6259253,73006,51821,2125684
"Brown, IN",2021,314052,894391,15573,5538,104907
"Carroll, IN",2021,826550,1037035,20502,8517,260615
"Cass, IN",2021,1641121,1781854,37579,18421,680580
"Clark, IN",2021,6162758,6402767,122847,71313,2929627
"Clay, IN",2021,859843,1185654,26370,10625,320817
"Clinton, IN",2021,1688539,1506611,33025,14904,555249
"Crawford, IN",2021,192076,436252,10491,3217,79846
"Daviess, IN",2021,1544074,1797339,33381,18360,583999
"DeKalb, IN",2021,2945785,2342476,43369,27759,1300432
"Dearborn, IN",2021,2143700,2885810,50946,20239,694107
"Decatur, IN",2021,1749984,1373261,26322,17903,738938
"Delaware, IN",2021,4486204,5048854,111981,58143,2288144
"Dubois, IN",2021,2943904,2743333,43625,34546,1409575
"Elkhart, IN",2021,19271838,11692033,207066,167144,9142101
"Fayette, IN",2021,629405,1107094,23376,8379,282239
"Floyd, IN",2021,3334295,4800464,80606,42357,1649690
"Fountain, IN",2021,536365,822430,16466,6796,207997
"Franklin, IN",2021,596487,1275576,22857,8046,194536
"Fulton, IN",2021,799004,1013063,20380,9380,293697
"Gibson, IN",2021,3569406,1777597,32954,24993,1277167
"Grant, IN",2021,2659869,3109139,66203,34496,1310795
"Greene, IN",2021,714765,1549405,30826,10763,289061
"Hamilton, IN",2021,23338012,32135791,357330,227213,10703256
"Hancock, IN",2021,3854777,4836683,81855,37829,1457984
"Harrison, IN",2021,1315412,2102387,39817,15559,496214
"Hendricks, IN",2021,8941535,10368123,179555,106395,4089553
"Henry, IN",2021,1606459,2259915,49036,17874,594714
"Howard, IN",2021,4488369,3963612,83642,45316,1965901
"Huntington, IN",2021,1665220,1848775,36792,18288,648676
"Jackson, IN",2021,2902275,2235916,46285,27655,1207710
"Jasper, IN",2021,1709612,1860243,33113,15545,537947
"Jay, IN",2021,1068985,991599,20309,9711,304455
"Jefferson, IN",2021,1794889,1666776,33119,16678,611881
"Jennings, IN",2021,802310,1341358,27507,10593,356142
"Johnson, IN",2021,6676447,9385226,164418,84375,3035969
"Knox, IN",2021,2080961,1935565,35964,22222,838032
"Kosciusko, IN",2021,6587398,4541756,80323,48488,2171159
"LaPorte, IN",2021,4521182,5528009,112486,52792,2064587
"Lagrange, IN",2021,2043589,2140301,40538,23584,863754
"Lake, IN",2021,24480668,26200210,499327,247476,11068464
"Lawrence, IN",2021,1592241,2321905,45045,19617,671970
"Madison, IN",2021,4268270,6035585,130979,54406,1951076
"Marion, IN",2021,104833855,64434913,971647,766068,43531112
"Marshall, IN",2021,1843710,2377368,46175,24365,878232
"Martin, IN",2021,1233551,488296,9799,9858,627238
"Miami, IN",2021,1090148,1469358,36032,12881,435689
"Monroe, IN",2021,7649573,7384606,140135,91905,3777511
"Montgomery, IN",2021,1938180,1876052,38061,20125,807958
"Morgan, IN",2021,1947639,3777410,72260,24683,773759
"Newton, IN",2021,422369,704960,13793,4942,150933
"Noble, IN",2021,2129588,2313103,47419,23291,828255
"Ohio, IN",2021,134285,319610,5992,1788,46260
"Orange, IN",2021,713545,872251,19812,9874,314350
"Owen, IN",2021,622451,1044473,21432,8097,279904
"Parke, IN",2021,458441,795259,16486,5876,137890
"Perry, IN",2021,846720,843099,19317,8299,309283
"Pike, IN",2021,836182,574690,12178,3998,145781
"Porter, IN",2021,7992731,10684546,174517,83210,3416295
"Posey, IN",2021,3785981,1467039,25129,12020,572802
"Pulaski, IN",2021,775882,668188,12370,6389,225202
"Putnam, IN",2021,1211016,1721268,37016,17475,589178
"Randolph, IN",2021,958769,1242272,24437,10323,349544
"Ripley, IN",2021,1296592,1471402,29017,15617,674975
"Rush, IN",2021,722542,915864,16699,7467,232485
"Scott, IN",2021,788540,1081437,24437,10224,371956
"Shelby, IN",2021,2208610,2322184,45025,23251,911508
"Spencer, IN",2021,1111952,1067780,19875,9650,334024
"St. Joseph, IN",2021,15740655,15067647,272341,156625,6998642
"Starke, IN",2021,565659,979927,23378,6706,175304
"Steuben, IN",2021,1663314,1858262,34666,21131,753184
"Sullivan, IN",2021,1056536,899327,20781,7646,281954
"Switzerland, IN",2021,238315,409036,9849,3044,77175
"Tippecanoe, IN",2021,10779671,8674110,187566,116150,4972834
"Tipton, IN",2021,701043,794603,15393,7491,271869
"Union, IN",2021,167880,341707,7014,2384,52043
"Vanderburgh, IN",2021,12346968,9984843,180267,130594,5975573
"Vermillion, IN",2021,1032822,708079,15440,5996,261536
"Vigo, IN",2021,5094465,4857881,106084,58440,2373941
"Wabash, IN",2021,1408022,1597982,30897,16000,556727
"Warren, IN",2021,353987,447784,8459,3151,94824
"Warrick, IN",2021,2812334,4287949,64623,25785,945493
"Washington, IN",2021,736431,1345974,28151,9948,267633
"Wayne, IN",2021,3093331,3263001,66490,37594,1410302
"Wells, IN",2021,1274389,1432834,28177,14344,515254
"White, IN",2021,1229348,1282707,24662,12727,448560
"Whitley, IN",2021,1967086,1857664,34492,17918,732914
